b2746,b2747
b3976,b3977,b3978,b3979,b3980
b3324,b3325,b3326,b3327,b3328,b3329,b3330,b3331,b3332,b3333,b3334,b3335
b3648,b3649,b3650,b3651,b3652
b1562,b1563,b1564
b4084,b4085,b4086,b4087,b4088,b4089
b2661,b2662,b2663,b2664
b2801,b2802,b2803
b0002,b0003,b0004
b4488,b3769,b3770,b3771,b3772
b0743,b0744,b0745,b0746,b0747,b0748,b0749
b0721,b0722,b0723,b0724
b0726,b0727
b0727,b0728,b0729
b2177,b2178,b2179,b2180
b3360,b3361,b3362
b2779,b2780
b1718,b1719
b2675,b2676
b1697,b1698,b1699,b1700,b1701
b2296,b2297
b0181,b0182,b0183,b0184
b0097,b0098
b0572,b0573,b0574
b2074,b2075,b2076,b2077,b2078,b2079
b0981,b0982,b0983,b0984,b0985,b0986,b0987
b2763,b2764
b3701,b3702
b1879,b1880
b1082,b1083
b1073,b1074,b1075,b1076,b1077,b1078,b1079,b1080
b1734,b1735,b1736,b1737,b1738
b3124,b3125,b3126,b3127
b2202,b2203,b2204,b2205,b2206,b2207,b2208
b2194,b2195,b2196,b2197,b2198,b2199,b2200,b2201
b3670,b3671
b0405,b0406,b0407,b0408
b3476,b3477,b3478,b3479,b3480
b4460,b1900,b1901
b0850,b0851
b0861,b0862,b0863,b0864
b0144,b0145
b3431,b3432
b4136,b4137
b0001,b0002,b0003,b0004
b0003,b0004
b0014,b0015
b0019,b0020
b0025,b0026
b0028,b0029,b0030
b0032,b0033
b0041,b0042,b0043,b0044
b0046,b0047
b4577,b0070
b0077,b0078
b0081,b0082,b0083,b0084,b0085,b0086,b0087,b0088,b0089,b0090,b0091,b0092,b0093,b0094,b0095,b0096
b0082,b0083,b0084,b0085,b0086,b0087,b0088,b0089,b0090,b0091,b0092,b0093,b0094,b0095,b0096
b0083,b0084,b0085,b0086,b0087,b0088,b0089,b0090,b0091,b0092,b0093,b0094,b0095,b0096
b0085,b0086,b0087,b0088,b0089,b0090,b0091,b0092,b0093,b0094,b0095,b0096
b0091,b0092,b0093,b0094,b0095,b0096
b0093,b0094,b0095,b0096
b0095,b0096
b0097,b0098,b0099
b0098,b0099
b0110,b0111
b0113,b0114,b0115,b0116
b0114,b0115,b0116
b0127,b0128,b0129
b0150,b0151,b0152,b0153
b0151,b0152,b0153
b0161,b0162
b0169,b0170
b0172,b0173
b0174,b0175
b0176,b0177
b0178,b0179
b0180,b0181,b0182,b0183,b0184
b0187,b0188
b0190,b0191,b0192
b0201,b0202,b0203
b0204,b0205,b0206
b0209,b0210
b0222,b0223
b0227,b0228
b0232,b0233,b0234
b0242,b0243
b4623,b4284,b4623
b0260,b0261
b0268,b0269,b0270,b0271
b2088,b2089
b0306,b0307,b0308
b0318,b0319,b0320,b0321
b0323,b0324
b0336,b0337
b0339,b0340,b0341
b0347,b0348,b0349,b0350,b0351,b0352
b4272,b4273
b0365,b0366,b0367,b0368
b4580,b0375
b0383,b0384
b0388,b0389,b0390
b0389,b0390
b0399,b0400
b0401,b0402
b0405,b0406
b0407,b0408,b0409
b0408,b0409
b0437,b0438
b0441,b0442,b0443
b0447,b0448,b0449
b0450,b0451
b0471,b0472
b0485,b0486
b0490,b0491
b0495,b0496
b0498,b0499
b0511,b0512,b0513,b0514
b0518,b4572,b0520,b0521
b0531,b0532
b0533,b0534
b4508,b0542
b0545,b0546
b4588,b0547,b0548,b0549,b0550,b4509
b0554,b0555,b0556,b4510
b0560,b4634
b0573,b0574,b0575
b0585,b4511,b0586
b0593,b0594,b0595,b0596,b0597
b0598,b4512
b0605,b0606
b0619,b0620
b0645,b0646
b0648,b0649
b0681,b0682
b0687,b0688
b0700,b0702
b0707,b0708
b0710,b0711,b0712,b0713,b0714
b0713,b0714
b0721,b0722,b0723,b0724,b0726,b0727,b0728,b0729
b0723,b0724
b0726,b0727,b0728,b0729
b0731,b0732
b0733,b0734
b0736,b0737,b0738,b0739
b0740,b0741,b0742
b0743,b0744,b0745
b0746,b0747
b0748,b0749
b0763,b0764,b0765
b0769,b0770,b0771
b0781,b0782,b0783,b0784,b0785
b0782,b0783,b0784,b0785
b0817,b0818
b0828,b0829,b0830,b0831,b0832
b0833,b0834
b0850,b0851,b0852,b0853
b0852,b0853
b0854,b0855,b0856,b0857,b0858
b0866,b0867
b0878,b0879
b0881,b0882
b0891,b0892
b0894,b0895,b0896
b0907,b0908
b0914,b0915,b0916
b0917,b0918
b0921,b0922,b0923,b0924
b0926,b0927
b0938,b0939,b0940,b0941,b0942,b0943,b0944
b0948,b0949
b0950,b0951,b0952
b0972,b0973,b0974,b0975,b0976,b0977
b0978,b0979,b4592,b0980
b4294,b4576
b0996,b0997,b0998
b4490,b1018,b1019
b1033,b1034,b1035
b1034,b1035
b1041,b1042,b1043,b1044
b1045,b1046
b1048,b1049
b1066,b1067,b1068,b1069
b1073,b1074,b1075,b1076,b1077
b1078,b1079,b1080,b1081
b1088,b1089
b1094,b1095
b1096,b1097,b1098,b1099,b1100
b1098,b1099,b1100
b1103,b1104,b1105,b1106,b1107,b1108
b1107,b1108
b1116,b1117,b1118
b1119,b1120
b1146,b1147,b1148,b4693,b1150,b1151,b1152,b1153
b1154,b1155
b1164,b1165,b1166,b1167
b1179,b1180
b1189,b1190
b1210,b1211,b1212,b1213
b1214,b1215
b1224,b1225,b1226,b1227
b1234,b1235
b1243,b1244,b1245,b1246,b1247
b1244,b1245,b1246,b1247
b4522,b4523
b1279,b1280
b1281,b1282
b1298,b1299,b1300,b1301,b1302
b1304,b1305,b1306,b1307,b1308
b1309,b1310,b1311,b1312,b1313,b1314,b1315,b1316,b1317,b4524,b1319
b1321,b1322
b1357,b1358,b1359,b1360,b1361,b1362,b4528
b1365,b1366
b1368,b4570
b4570,b1372,b1373
b1381,b1382,b1383
b1382,b1383
b1388,b1389,b1390,b1391,b1392,b1393,b1394,b1395,b1396,b1397,b1398
b1399,b1400
b1408,b1409,b1410,b1411
b1429,b1430
b1434,b1435
b4532,b1438
b1440,b1441,b1442,b1443,b1444
b1443,b1444
b1449,b1450
b1459,b1460
b1474,b1475,b1476
b1513,b1514,b1515,b1516
b1517,b1518
b1530,b1531,b1532
b4533,b1549
b1571,b1572,b1553
b1575,b1576
b1583,b1584
b1587,b1588,b1589,b1590,b1591
b1588,b1589,b1590,b1591
b1589,b1590,b1591
b1590,b1591
b1604,b1605
b1608,b1609
b1621,b1622
b1626,b1627,b1628,b1629,b1630,b1631,b1632,b1633
b1627,b1628,b1629,b1630,b1631,b1632,b1633
b1643,b1644,b1645
b1649,b1650
b1652,b1653
b1665,b1666
b1691,b1692
b1694,b1695
b1697,b1698,b1699,b1700
b1724,b1725
b1750,b1751,b1752,b1753,b1754,b1755,b1756,b1757
b1751,b1752,b1753,b1754,b1755,b1756,b1757
b1753,b1754,b1755,b1756,b1757
b1767,b1768
b1783,b1784
b1801,b1802,b1803
b1812,b1813
b1817,b1818,b1819
b1818,b1819
b1833,b1834
b1858,b1859
b1867,b1868
b1869,b1870,b1871
b1924,b1925,b1926
b1929,b1930
b1938,b1939,b1940,b1941,b1942,b1943
b1944,b1945,b1946,b1947,b1948,b1949,b1950
b1946,b1947,b1948,b1949,b1950
b1971,b1972
b2001,b2002,b2003,b2004,b2005,b2006
b2002,b2003,b2004,b2005,b2006
b2018,b2019,b2020,b2021,b2022,b2023,b2024,b2025,b2026
b2019,b2020,b2021,b2022,b2023,b2024,b2025,b2026
b2077,b2078,b2079
b2098,b2099,b2100
b4499,b2118,b4541
b2119,b2120,b2121,b2122
b2141,b2142
b2144,b2145
b2146,b2147
b2159,b2160
b2173,b2174
b2178,b2179,b2180
b2179,b2180
b2187,b2188
b2219,b2220
b2221,b2222,b2223,b2224
b2234,b2235,b2236
b2235,b2236
b2241,b2242,b2243
b2253,b2254,b2255,b2256,b2257,b4544,b2258
b2256,b2257,b4544,b2258
b4544,b2258
b2271,b2272
b2274,b2275
b2290,b2291
b2303,b2304
b2350,b2351,b2352
b2359,b2360,b2361,b2362,b2363,b4545
b2365,b2366
b2369,b2370
b2380,b2381
b2398,b2399
b2401,b2402,b2403,b2404
b2415,b2416,b2417
b2428,b2429
b2435,b2436
b2444,b2445
b2446,b2447
b2471,b2472,b4547
b2472,b4547
b2479,b2480
b2481,b2482,b2483,b2484,b2485,b2486,b2487,b2488,b2489,b2490,b2491,b2492
b2494,b2495
b2499,b2500
b2501,b2502
b2505,b2506
b2538,b2539,b2540,b2541,b2542,b2543
b2561,b2562
b2583,b2584
b2598,b2599
b2603,b2604,b2605
b2611,b4461
b2625,b2626
b2632,b2633
b2634,b2635,b2636,b2637
b4644,b2643,b2644,b4548,b2645,b2646
b2659,b2660,b2661,b2662,b2663,b2664
b2667,b2668
b2673,b2674,b2675,b2676
b2682,b2683
b2685,b2686
b2703,b2703,b2704,b2705
b2707,b2708
b2710,b2711
b2715,b2716
b2726,b2727,b2728,b2729,b2730,b2731
b2730,b2731
b2736,b2737,b2738,b2739,b2740
b2765,b2766,b2767,b2768
b2775,b2776
b2796,b2797,b2798
b2804,b2805
b2814,b2815,b2816
b2847,b2848
b2866,b2867,b2868
b2870,b2871,b2872,b2873,b2874
b2878,b2879,b2880,b2881
b2883,b4464
b2911,b2912
b2917,b2918,b2919,b2920
b2943,b2944,b2945
b2946,b2947
b2948,b2949
b2951,b2952,b2953,b2954,b2955
b2954,b2955
b2962,b2963
b3011,b3012
b3013,b3014
b3025,b3026
b3037,b3038
b3046,b3047,b3048
b3050,b3051
b3055,b3056
b3061,b3062,b3063
b3065,b3066
b3076,b3077
b3017,b3080
b3085,b3086
b3095,b3096
b3097,b3098,b3099,b3100
b3120,b3121
b3129,b3130
b3132,b3133,b3134,b3135,b3136,b3137
b3138,b3139,b3140,b3141
b3142,b3143,b3144,b3145
b3147,b3148,b3149,b3150
b3149,b3150
b3158,b3159
b3187,b3188
b3196,b3197
b3198,b3199
b3200,b3201
b3202,b3203,b3204,b3205,b3206
b3203,b3204,b3205,b3206
b3212,b3213
b3215,b3216,b4569
b3216,b4569
b3255,b3256
b3257,b3258,b3259
b3260,b3261
b3262,b3263
b3265,b3266
b3268,b3269,b3270,b3271
b3287,b3288,b3289,b3290
b3352,b3353,b3354,b3355
b3354,b3355
b3357,b3358
b3365,b3366,b3367
b3370,b3371,b4474,b3374
b3399,b3400,b3401
b3400,b3401
b3408,b3409,b3410
b3442,b3443
b3465,b3466
b3468,b3469
b3482,b3483
b4552,b3484
b3499,b3500
b3501,b3502
b3512,b3513,b3514
b3513,b3514
b3536,b3537,b3538
b3549,b3550
b3557,b3558
b3566,b3567,b3568,b3569
b3575,b3576,b3577,b3578,b3579,b3580,b3581,b3582,b3583
b3596,b4650,b4651
b3600,b3601
b3603,b3604,b3605
b3612,b3613,b3614
b3613,b3614
b3619,b3620,b3621,b3622
b3633,b3634
b3639,b3640,b3641
b3640,b3641
b3649,b3650,b3651,b3652
b3703,b3704,b4557,b3705
b3712,b3713
b3716,b3717
b3748,b3749,b3750,b3751
b3756,b3757,b3758,b3759
b3766,b4488,b3769,b3770,b3771,b3772
b3784,b3785,b3786,b3787,b3788,b3789,b3790,b3791,b3792,b3793,b3793,b3794
b3785,b3786,b3787,b3788,b3789,b3790,b3791,b3792,b3793,b3793,b3794
b3786,b3787,b3788,b3789,b3790,b3791,b3792,b3793,b3793,b3794
b3796,b3797,b3798,b3799
b4558,b3809,b3810,b3811,b3812
b3822,b3823
b3825,b3826
b3831,b3832
b3833,b3834,b3835
b3836,b3838,b3839,b4483
b3843,b3844
b3847,b3848,b3849,b3850
b3849,b3850
b3851,b3852,b3853,b3854,b3855
b3866,b3867
b3872,b3873
b3883,b3884,b3885,b3886,b3887,b3888
b3885,b3886,b3887,b3888
b3905,b3906
b3908,b3909
b3922,b3923
b3939,b3940
b3949,b3950,b3951,b3952,b3953
b3958,b3959,b3960
b3963,b3964
b3966,b3967
b3968,b3969,b3970,b3971
b3972,b3973
b3981,b3982
b3983,b3984,b3985,b3986,b3987,b3988
b3985,b3986,b3987,b3988
b3987,b3988
b3996,b3997,b3998
b3997,b3998
b4000,b4001
b4007,b4008,b4009,b4010
b4014,b4015,b4016
b4026,b4027,b4028,b4029
b4035,b4036,b4037
b4039,b4040
b4047,b4048
b4049,b4050
b4052,b4053
b4056,b4057
b4070,b4071,b4072,b4073,b4074,b4075,b4076
b4109,b4110
b4119,b4120
b4126,b4127
b4128,b4559
b4142,b4143
b4156,b4157,b4158
b4163,b4164,b4165
b4167,b4168,b4169,b4170,b4171,b4172,b4173,b4174,b4175
b4168,b4169,b4170,b4171,b4172,b4173,b4174,b4175
b4170,b4171,b4172,b4173,b4174,b4175
b4171,b4172,b4173,b4174,b4175
b4172,b4173,b4174,b4175
b4178,b4179,b4180
b4181,b4182
b4183,b4184,b4185,b4186
b4193,b4194,b4195,b4196,b4197,b4198
b4200,b4201,b4202,b4203
b4220,b4221,b4222
b4224,b4225
b4227,b4485,b4230,b4231
b4235,b4236
b4261,b4262
b4279,b4280,b4655
b4282,b4623
b4623,b4286
b4314,b4315,b4316,b4317,b4318,b4319,b4320
b4316,b4317,b4318,b4319,b4320
b4317,b4318,b4319,b4320
b4322,b4323
b4342,b4486
b4365,b4366
b4372,b4373,b4374,b4375
b4376,b4568
b4377,b4378
b4381,b4382,b4383,b4384
b4383,b4384
b4388,b4389,b4390
b4397,b4398,b4399
b0011,b0013
b4412,b0018
b0035,b0036
b0035,b0036,b0037
b0035,b0036,b0037,b0038
b0035,b0036,b0037,b0038,b0039,b0040
b0049,b0050
b0049,b0050,b0051
b0049,b0050,b0051,b0052,b0053
b0058,b0059
b0061,b0062,b0063
b0066,b0067,b0068
b0066,b0067,b0068,b0069
b0071,b0072,b0073,b0074,b0075
b0101,b0102
b0101,b0102,b0103
b0106,b0107
b0120,b0121
b0133,b0134
b0136,b0137
b0138,b0139
b0142,b0143
b0146,b0147
b0157,b0158,b0159
b0168,b0167
b0189,b4406
b0195,b0196
b0197,b0198,b0199
b4586,b0218
b0225,b0226
b4626,b0245,b0246,b4504,b0247,b0248,b0249
b4628,b4627,b4628
b0262,b0263
b4505,b0266
b0278,b0279
b4695,b0283,b0284,b0285,b0286
b0289,b0290,b0291,b0292,b0293
b4506,b0296
b0301,b0303
b0311,b0312,b0313
b0342,b0343
b0342,b0343,b0344
b0345,b0346
b0355,b0356,b0357
b0358,b4579
b4579,b0363
b0397,b0398
b0424,b0425
b0428,b0429,b0430,b0431,b0432
b0433,b0434
b0460,b0461
b0466,b0467
b0488,b0489
b0493,b0494
b0502,b0503
b0515,b0516
b0522,b0523
b0524,b0525
b0528,b0529
b4633,b0539
b0567,b0568
b0567,b0568,b0569
b0570,b0571
b0579,b0580
b0583,b0584
b0588,b0589,b0590
b0601,b0602
b0612,b0613,b0614,b0615,b0616,b0617,b0618
b0633,b0634,b0635,b0636,b0637
b0638,b0639
b0638,b0639,b0640,b0641,b0642
b0652,b0653,b0654
b0652,b0653,b0654,b0655
b0657,b0658
b0657,b0658,b0659,b0660
b0664,b0665,b0666,b0668
b0664,b0665,b0666,b0668,b0670,b0672,b0673
b0675,b0676
b0675,b0676,b0677,b0678
b0683,b4637
b0685,b0686
b0694,b0695
b0696,b0697,b0698,b4513
b0716,b0717,b0718,b0719
b0757,b0758,b0759
b0760,b0761
b0773,b0774
b0788,b0789,b0790
b0792,b0793,b0794
b0792,b0793,b0794,b0795,b0796
b0804,b0805
b0809,b0810,b0811
b0821,b0822
b0823,b0824
b0826,b0827
b0840,b0841
b0843,b0844,b0845
b0869,b0870
b0869,b0870,b0871
b0872,b0873
b0886,b0887
b0933,b0934,b0935,b0936,b0937
b0960,b0961
b0999,b1000
b1003,b1004
b1006,b1007,b1008,b1009,b1010,b1011,b1012
b1021,b1022,b1023,b1024
b1037,b1038,b1039,b1040
b1056,b1057
b1063,b1064
b1070,b1071
b1070,b1071,b1072
b1123,b1124,b1125,b1126
b1129,b1130
b1131,b1132,b1133
b1134,b1135
b1140,b1141
b1144,b1145
b1156,b1157
b1171,b1172,b4593
b1174,b1175,b1176
b1191,b1192
b1198,b1199,b1200
b1208,b1209
b1221,b1222
b4425,b1229,b1230
b1232,b1233
b1248,b1249
b1254,b1255
b1257,b1258,b1259
b1260,b1261,b1262
b1260,b1261,b1262,b1263,b1264,b1265
b1270,b1271
b1284,b4596
b1289,b1290,b1291,b1292,b1293
b1289,b1290,b1291,b1292,b1293,b1294
b1296,b1297
b4525,b1327
b1336,b1337,b1338
b1345,b1346,b1347,b1348,b1349,b1350
b4526,b1352
b4527,b1355
b1386,b1387
b4428,b1420
b1447,b1448
b1465,b1466,b1467,b1468,b1469
b1483,b1484,b1485,b1486,b1487,b1488
b1489,b1490
b1492,b1493
b1495,b1496
b1497,b1498
b1499,b1500
b1503,b1504
b1503,b1504,b1505
b1506,b1507,b1508
b4696,b4696
b1511,b1512
b1521,b1522
b1523,b1524
b1546,b1547,b1548
b1553,b1554,b1555,b1556
b1559,b1560
b1567,b1568,b1569
b1580,b1581
b1599,b1600
b1602,b1603
b1611,b1612
b1615,b1616,b1617
b1636,b1637
b1636,b1637,b1638
b1669,b1670,b1671,b1672,b1673,b1674
b1686,b1687
b1709,b1710
b1713,b1714,b1715
b1716,b1717
b1716,b1717,b1718
b1733,b1734,b1735,b1736,b1737,b1738
b1744,b1745,b1746,b1747,b1748
b1763,b1764
b1763,b1764,b1765
b1771,b1772,b1773,b1774,b1775,b1776
b1777,b1778
b1796,b1797
b1806,b1807
b1806,b1807,b1808
b1823,b1824
b1825,b1826
b1830,b1831
b1830,b1831,b1832
b1839,b1840,b1841
b1847,b1848
b1856,b1857
b1860,b1861
b1864,b1865,b1866
b1872,b1873
b1874,b1875
b1878,b1879,b1880,b1881,b1882,b1883,b1884,b1885,b1886
b1887,b1888,b1889,b1890
b1891,b1892
b1896,b1897
b1913,b1914
b1917,b1918
b1917,b1918,b1919
b1921,b1922
b1957,b1958
b1960,b1961
b1962,b1963
b1968,b1969
b1987,b1988
b1991,b1992,b1993
b4640,b4641
b2008,b2009
b2012,b2013
b2015,b2016
b4539,b2017
b4571,b2032,b2033
b4571,b2032,b2033,b2034,b2035,b2036
b4571,b2032,b2033,b2034,b2035,b2036,b2037
b4571,b2032,b2033,b2034,b2035,b2036,b2037,b2038,b2039
b4571,b2032,b2033,b2034,b2035,b2036,b2037,b2038,b2039,b2040,b2041
b2043,b2044,b2045
b2046,b2047,b2048,b2049,b2050,b2051,b2052,b2053,b2054,b2055,b2056,b2057,b2058,b2059,b2060,b2061,b2062
b2064,b2065
b2072,b2073
b2083,b2085
b2091,b2092,b2093,b2094,b2095,b2096
b2102,b2103,b2104
b2108,b2109,b2110,b2111
b2125,b2126
b2128,b2129,b2130,b2131
b2148,b2149,b2150
b2151,b2152,b2153
b2161,b2162
b2165,b2166
b2167,b2168,b2169
b2182,b2183
b2202,b2203,b2204,b2205,b4055,b2207
b2212,b2213
b2214,b2215
b2225,b2226,b4500,b2229,b2230
b2239,b2240
b2245,b2246,b2247,b2248
b2260,b2261,b2262
b2260,b2261,b2262,b2263,b2264,b2265
b2276,b2277,b2278,b2279,b2280,b2281,b2282,b2283,b2284,b2285,b2286,b2287,b2288
b2293,b2294
b2299,b2300
b2306,b2307,b2308,b2309
b2311,b2312,b2313
b2315,b2316
b2317,b2318,b2319
b2317,b2318,b2319,b2320
b2325,b2326,b2327,b2328,b2329,b2330
b2332,b2333,b2334,b2335,b2336,b4661,b2339
b2341,b3844
b2354,b2355,b2356,b2357,b2358
b2367,b2368
b2371,b2372
b2373,b2374
b2383,b2384,b2385,b2386,b2387
b2396,b2397
b2406,b2407
b4546,b2411
b2421,b2422,b2423,b2424,b2425
b2431,b2432,b2433,b2434
b2437,b2438,b2439,b2440,b2441
b2451,b2452
b2453,b2454,b2455,b2456
b2457,b2458,b2459,b2460,b2461,b2462
b2473,b2474,b2475
b2477,b2478
b2496,b2497
b2507,b2508
b2512,b2513,b2514
b2515,b2516
b2519,b2520
b2522,b2523
b2524,b2525,b2526
b2527,b2528
b2529,b2530,b2531
b2536,b2537
b2544,b2545,b2546
b2544,b2545,b2546,b2547,b2548
b2544,b2545,b2546,b2547,b2548,b2549
b2554,b2555
b2556,b4441
b2559,b2560
b2563,b2564,b2565,b2566,b2567
b2568,b2569
b2570,b2571,b2572
b2588,b2589,b2590,b2591
b2593,b2594
b2600,b2601
b2606,b2607,b2608,b2609
b2618,b2619
b2627,b2628
b2638,b2641
b2689,b2690
b2694,b2695
b2717,b2718,b2719,b2720,b2721,b2722,b2723,b2724,b2725
b2741,b2742
b2743,b2744
b2745,b2746,b2747,b2748
b2750,b2751,b2752
b2754,b2755,b2756
b2754,b2755,b2756,b2757
b2754,b2755,b2756,b2757,b2758,b2759,b2760
b2762,b2763,b2764
b2769,b2770,b2771,b4463,b2774
b2781,b2782,b2783
b2787,b2788,b2789
b2790,b2791,b2792
b2799,b2800
b2806,b2807
b2819,b2820
b2823,b2824,b2825,b2826
b2827,b2828
b2827,b2828,b2829,b2830
b2840,b2841
b2842,b2843
b2858,b2859
b2875,b2876
b2886,b2887
b2890,b2891
b2892,b2893,b2894
b2896,b2897
b2903,b2904,b2905
b2906,b2907,b2908,b2909
b2926,b2927
b2928,b2929
b2930,b4465,b2933,b2934
b2959,b2960
b2968,b2969,b2970
b2975,b2976,b2977
b2975,b2976,b2977,b4467,b4468,b2979
b2983,b2984,b2985
b2990,b2991,b2992,b2993,b2994
b2990,b2991,b2992,b2993,b2994,b2995,b2996,b2997
b3005,b3006
b3020,b3021,b3022
b3023,b3024
b3031,b3032
b3033,b3034
b3053,b3054
b3082,b3083
b3090,b3091,b3092
b4470,b3110
b4471,b3113,b3114,b3115,b3116,b3117,b3118
b3151,b3152
b3156,b3157
b3165,b3166,b3167
b3165,b3166,b3167,b3168,b3169,b3170
b3174,b3175
b3178,b3179
b3183,b3184
b3185,b3186
b3191,b3192
b3191,b3192,b3193,b3194,b3195
b3208,b3209
b3221,b3222,b3223,b3224,b3225
b3228,b3229
b3230,b3231
b3240,b3241,b3242
b4472,b3247
b3249,b3250,b3251
b3272,b3273,b3274,b3275,b3276,b3277,b3278
b3280,b3281
b3280,b3281,b3282,b3283
b4550,b3292,b3293
b3294,b3295,b3296,b3297,b3298
b3299,b3300,b3301,b3302,b3303,b3304,b3305,b3306,b3307,b3308,b3309,b3310
b3311,b3312,b3313,b3314,b3315,b3316,b3317,b3318,b3319,b3320,b3321
b3322,b3323
b3340,b3341,b3342
b3343,b3344,b3345,b3346
b4551,b3350,b3351
b3376,b3377,b3378,b3379,b3380,b3381,b3382,b3383
b3384,b3385,b3386
b3384,b3385,b3386,b3387
b3384,b3385,b3386,b3387,b3388
b3384,b3385,b3386,b3387,b3388,b3389,b3390
b3391,b3392,b3393,b3394,b3395
b3404,b3405
b3416,b3417
b4475,b3421
b3423,b3424,b3425
b3428,b3429
b3428,b3429,b3430
b3428,b3429,b3430,b3431,b3432
b4476,b3437
b3439,b3440
b3449,b3450,b3451,b3452,b3453
b3454,b3455,b3456,b3457,b3458
b3462,b3463,b3464
b3485,b3486,b3487
b3497,b3498
b3508,b3509,b3510
b3531,b3531,b3532,b3533,b3534,b3535
b3540,b3541,b3542,b3543,b3544
b4455,b4647
b3560,b3560
b3562,b3563
b3564,b3565
b3573,b3574
b3586,b3587
b3590,b3591
b3597,b3598
b3608,b3609
b3608,b3609,b3610
b3616,b3617
b3623,b3624,b3625
b3623,b3624,b3625,b3626
b3623,b3624,b3625,b3626,b3627,b3628
b3623,b3624,b3625,b3626,b3627,b3628,b3629,b3630
b3623,b3624,b3625,b3626,b3627,b3628,b3629,b3630,b3631
b3623,b3624,b3625,b3626,b3627,b3628,b3629,b3630,b3631,b3632
b3636,b3637
b3642,b3643
b3656,b3657
b3663,b3664
b3667,b3668,b3669,b3670,b3671
b3674,b3675,b3676
b3678,b3679
b4556,b3683
b3686,b3687
b3691,b4478,b4477,b3693,b4479
b3697,b3698
b3718,b3719
b3718,b3719,b3720
b3721,b3722,b3723
b3724,b3725,b3726,b3727,b3728
b3729,b3730
b3731,b3732,b3733,b3734,b3735,b3736,b3737,b3738,b3739
b3740,b3741
b3745,b3746
b3754,b3755
b3779,b3780
b3802,b3803
b3802,b3803,b3804,b3997
b3817,b3818
b3819,b3820
b3845,b3846
b3856,b3857
b3868,b3869
b3868,b3869,b3870
b3876,b3877,b3878
b3880,b3881,b3882
b3892,b3893,b3894
b3897,b3898,b3899,b3900
b3901,b3902,b3903,b3904
b3911,b3912
b3926,b3927
b3931,b3932
b3937,b3938
b3945,b3946,b3947
b3954,b3955
b3990,b3991,b4407,b3992,b3993,b3994
b4005,b4006
b4032,b4033,b4034
b4067,b4068,b4069
b4080,b4081,b4082,b4622
b4084,b4085,b4086,b4087
b4090,b4089
b4092,b4093
b4092,b4093,b4094,b4095,b4096,b4097,b4098,b4099,b4100,b4101,b4102,b4104,b4105,b4106
b4112,b4113
b4115,b4116
b4121,b4122,b4123
b4124,b4125
b4131,b4132
b4151,b4152,b4153,b4154
b4159,b4160
b4188,b4189
b4237,b4238
b4239,b4240,b4241
b4244,b4245,b4246
b4265,b4266,b4267
b4287,b4288,b4289,b4290
b4291,b4292,b4293
b4298,b4299
b4300,b4301,b4302
b4303,b4304,b4565,b4305
b4306,b4307,b4566
b4329,b4330
b4332,b4333,b4334,b4335,b4336
b4345,b4346
b4348,b4349
b4352,b4353
b4360,b4361,b4362
b4363,b4364
b4368,b4369,b4370
b4379,b4380
b4386,b4387
b3731,b3732,b3733,b3734,b3735,b3736,b3737,b3738
b0178,b0179,b0180,b0181
b4397,b4398,b4399,b4400
b3287,b3288
b3423,b3424
b3413,b3414
b2022,b2023,b2024,b2025,b2026
b3770,b3771,b3772
b0052,b0053,b0054
b0049,b0050,b0051,b0052
b3164,b3165
b2961,b2962,b2963
b1863,b1864
b1863,b1864,b1865
b3748,b3749,b3750,b3751,b3752,b3753
b3703,b3704
b2570,b2571,b2572,b2573
b0201,b0202,b0203,b0204,b0205
b2691,b2692,b2693,b2694,b2695
b0120,b0121,b0122
b3635,b3636,b3637,b3638
b3091,b3092
b4138,b4139
b3123,b3124,b3125,b3126,b3127
b3437,b3438,b4476
b3065,b3066,b3067
b0406,b0407
b1213,b1214,b1215
b3766,b3769,b3770,b3771,b3772
b3516,b3517
b1131,b1132
b3164,b3165,b3166,b3167,b3168,b3169,b3170,b3171
b3859,b3860
b2497,b2498
b2925,b2926,b2927
b2563,b2564
b2566,b2567
b2276,b2277
b3531,b3531,b3532,b3533
b0691,b0691
b2727,b2728,b2729,b2730
b2726,b2727,b2728,b2729,b2730
b1207,b1208,b1209
b0027,b0028,b0029
b0025,b0026,b0027,b0028,b0029
b0026,b0027,b0028,b0029
b2538,b2539,b2540,b2541,b2542
b1513,b1514,b1515,b1516,b1517,b1518,b1519
b2782,b2783,b2784
b4003,b4004
b2796,b2797
b2528,b2529,b2530,b2531
b3476,b3477,b3478,b3479,b3480,b3481
b4287,b4288,b4289,b4290,b4291
b4239,b4240
b1712,b1713,b1714,b1715
b2659,b2660,b2661,b2662,b2663
b2661,b2662,b2663
b3741,b3742,b3743
b0911,b0912
b1041,b1042,b1043
b0572,b0573,b0574,b0575
b4122,b4123
b1850,b1851
b2925,b2926
b4292,b4293
b0683,b0684,b4637
b1920,b1921,b1922
b0903,b0904
b1210,b1211,b1212
b2712,b2713
b4264,b4265,b4266,b4267
b3929,b3930
b3168,b3169,b3170
b3599,b3600,b3601
b0114,b0115
b0854,b0855,b0856,b0857
b1203,b1204
b0145,b0146
b2703,b2703,b2704,b2705,b2706,b2707,b2708
b1183,b1184
b1229,b1230,b1231
b3635,b3636,b3637
b3501,b3502,b3503
b3670,b3671,b3672
b3506,b3507
b4360,b4361,b4362,b4363
b4361,b4362
b4375,b1481
b0910,b0911
b3700,b3701
b0139,b0140
b4043,b4044
b2684,b2685,b2686
b4085,b4086,b4087,b4090,b4089
b1881,b1882,b1883,b1884,b1885,b1886
b3925,b3926,b3927
b4388,b4389
b3212,b3213,b3214
